{"cameraMode":{"drawMode":0,"name":"Shaded","section":"Shading Mode"},"sceneLighting":true,"audioPlay":false,"sceneViewState":{"m_AlwaysRefresh":false,"showFog":true,"showSkybox":true,"showFlares":true,"showImageEffects":true,"showParticleSystems":true,"showVisualEffectGraphs":true,"m_FxEnabled":true},"in2DMode":false,"pivot":{"x":10.315991401672364,"y":5.397793769836426,"z":0.6791210174560547},"rotation":{"x":-0.011431952938437462,"y":0.2504233717918396,"z":-0.0029685019981116058,"w":-0.9682183265686035},"size":1.4686765670776368,"orthographic":false}